time,listing_id,views,favorites,price,state,title
2026-10-06 01:44,4585522299,0,0,23.99,active,"Kanji Cannabis Love T-Shirt | Taima Ai Japanese Calligraphy Tee | 420 Hanko Back Print, Stoner Gift, Weed Streetwear, Black or White"
2026-10-06 01:44,4585491734,0,0,11.99,active,"Kanji Black Mug | Taima Ai Cannabis Love Japanese Calligraphy Coffee Cup | 420 Stoner Gift, Weed Lover Mug, 11oz"
2026-10-06 01:44,4585451765,0,0,21.99,active,"Rose Bouquet Tote Bag | Colorful Roses & Vinyl Record Player Art | Cotton Canvas Market Bag, Music Lover Gift"
2026-10-06 01:44,4584786176,0,0,24.99,active,"Japan Weed Love Shop T-Shirt | 420 Cannabis Leaf, Grinder & Bong Graphic Tee | Stoner Gift, Japan Streetwear"
2026-10-06 01:44,4584546414,0,0,9.99,active,"420 Leaf Mug, Ink Splatter Cannabis Leaf Coffee Cup, Hand Lettered Ceramic Mug, Stoner Gift, Red and Black Leaf Art, 11oz"
2026-10-06 01:44,4583938426,0,0,37.99,active,"420 Stoner Cats T-Shirt | Cannabis Leaf Back Print, Japan Flag Sleeve | Funny Cat Lover Gift | Marijuana Graphic Tee | Japanese Streetwear"
2026-10-06 02:04,4585522299,0,0,23.99,active,"Kanji Cannabis Love T-Shirt | Taima Ai Japanese Calligraphy Tee | 420 Hanko Back Print, Stoner Gift, Weed Streetwear, Black or White"
2026-10-06 02:04,4585491734,0,0,11.99,active,"Kanji Black Mug | Taima Ai Cannabis Love Japanese Calligraphy Coffee Cup | 420 Stoner Gift, Weed Lover Mug, 11oz"
2026-10-06 02:04,4585451765,0,0,21.99,active,"Rose Bouquet Tote Bag | Colorful Roses & Vinyl Record Player Art | Cotton Canvas Market Bag, Music Lover Gift"
2026-10-06 02:04,4584786176,0,0,24.99,active,"Japan Weed Love Shop T-Shirt | 420 Cannabis Leaf, Grinder & Bong Graphic Tee | Stoner Gift, Japan Streetwear"
2026-10-06 02:04,4584546414,0,0,9.99,active,"420 Leaf Mug, Ink Splatter Cannabis Leaf Coffee Cup, Hand Lettered Ceramic Mug, Stoner Gift, Red and Black Leaf Art, 11oz"
2026-10-06 02:04,4583938426,0,0,37.99,active,"420 Stoner Cats T-Shirt | Cannabis Leaf Back Print, Japan Flag Sleeve | Funny Cat Lover Gift | Marijuana Graphic Tee | Japanese Streetwear"
2026-10-07 10:18,4583938426,20,0,37.99,active,"420 Stoner Cats T-Shirt | Cannabis Leaf Back Print, Japan Flag Sleeve | Funny Cat Lover Gift | Marijuana Graphic Tee | Japanese Streetwear"
2026-10-07 10:18,4584786176,4,0,24.99,active,"Japan Weed Love Shop T-Shirt | 420 Cannabis Leaf Hand-Drawn Graphic Tee | Stoner Gift, Japan Streetwear"
2026-10-07 10:18,4585451765,3,0,21.99,active,"Rose Bouquet Tote Bag | Colorful Roses & Vinyl Record Player Art | Cotton Canvas Market Bag, Music Lover Gift"
2026-10-07 10:18,4589431758,2,0,9.99,active,"420 Stoner Mouse Mug | Funny Weed Cartoon Coffee Cup, Smoke 420 & Bass Speakers | Stoner Gift, Music Lover Mug, 11oz"
2026-10-07 10:18,4585522299,2,0,23.99,active,"Kanji Cannabis Love T-Shirt | Taima Ai Japanese Calligraphy Tee | 420 Hanko Back Print, Stoner Gift, Weed Streetwear, Black or White"
2026-10-07 10:18,4585491734,2,0,11.99,active,"Kanji Black Mug | Taima Ai Cannabis Love Japanese Calligraphy Coffee Cup | 420 Stoner Gift, Weed Lover Mug, 11oz"
2026-10-07 10:18,4584546414,2,0,9.99,active,"420 Leaf Mug, Ink Splatter Cannabis Leaf Coffee Cup, Hand Lettered Ceramic Mug, Stoner Gift, Red and Black Leaf Art, 11oz"
2026-10-07 10:18,4589392223,0,0,9.99,active,"Stoner Cats Mug | Funny 420 Cat Coffee Cup, Rasta Cat Cannabis Art | Cat Lover Gift, Stoner Gift, 11oz Ceramic Mug"
2026-10-09 02:09,4583938426,20,0,37.99,active,"420 Stoner Cats T-Shirt | Cannabis Leaf Back Print, Japan Flag Sleeve | Funny Cat Lover Gift | Marijuana Graphic Tee | Japanese Streetwear"
2026-10-09 02:09,4589431758,11,0,9.99,active,"420 Stoner Mouse Mug | Funny Weed Cartoon Coffee Cup, Smoke 420 & Bass Speakers | Stoner Gift, Music Lover Mug, 11oz"
2026-10-09 02:09,4584786176,4,0,24.99,active,"Japan Weed Love Shop T-Shirt | 420 Cannabis Leaf Hand-Drawn Graphic Tee | Stoner Gift, Japan Streetwear"
2026-10-09 02:09,4589392223,3,0,9.99,active,"Stoner Cats Mug | Funny 420 Cat Coffee Cup, Rasta Cat Cannabis Art | Cat Lover Gift, Stoner Gift, 11oz Ceramic Mug"
2026-10-09 02:09,4585491734,3,0,11.99,active,"Kanji Black Mug | Taima Ai Cannabis Love Japanese Calligraphy Coffee Cup | 420 Stoner Gift, Weed Lover Mug, 11oz"
2026-10-09 02:09,4585451765,3,0,21.99,active,"Rose Bouquet Tote Bag | Colorful Roses & Vinyl Record Player Art | Cotton Canvas Market Bag, Music Lover Gift"
2026-10-09 02:09,4584546414,3,0,9.99,active,"420 Leaf Mug, Ink Splatter Cannabis Leaf Coffee Cup, Hand Lettered Ceramic Mug, Stoner Gift, Red and Black Leaf Art, 11oz"
2026-10-09 02:09,4585522299,2,0,23.99,active,"Kanji Cannabis Love T-Shirt | Taima Ai Japanese Calligraphy Tee | 420 Hanko Back Print, Stoner Gift, Weed Streetwear, Black or White"
